Date,Category,Region,Units,Sales,Profit
2024-01-01,Sports,East,3,185.28,47.67
2024-01-01,Clothing,East,3,136.45,26.85
2024-01-01,Electronics,East,6,939.32,268.7
2024-01-01,Books,South,4,73.14,13.89
2024-01-02,Electronics,North,1,186.06,39.44
2024-01-02,Electronics,West,7,1272.13,382.39
2024-01-02,Electronics,East,4,761.29,99.49
2024-01-03,Home & Kitchen,North,7,388.86,130.93
2024-01-03,Home & Kitchen,South,1,55.61,9.63
2024-01-03,Electronics,West,7,1340.01,417.59
2024-01-03,Electronics,North,4,657.92,193.25
2024-01-04,Home & Kitchen,South,4,237.82,81.57
2024-01-04,Sports,South,2,127.95,32.95
2024-01-04,Books,West,6,110.23,14.37
2024-01-05,Sports,North,2,114.28,29.14
2024-01-05,Books,West,4,75.73,14.25
2024-01-05,Electronics,North,7,1257.72,265.16
2024-01-05,Electronics,East,3,496.58,140.83
2024-01-05,Sports,East,5,322.91,87.1
2024-01-06,Sports,West,4,212.48,28.6
2024-01-06,Clothing,West,5,248.71,66.32
2024-01-06,Books,North,3,53.51,15.2
2024-01-06,Sports,South,7,431.14,100.7
2024-01-06,Home & Kitchen,East,2,111.66,16.17
2024-01-07,Books,North,4,83.77,23.45
2024-01-07,Electronics,East,5,935.05,155.88
2024-01-07,Books,East,3,65.59,21.15
2024-01-07,Home & Kitchen,South,1,57.65,12.97
2024-01-08,Electronics,South,6,1121.87,342.97
2024-01-08,Books,East,6,106.62,18.38
2024-01-08,Clothing,West,5,259.03,31.5
2024-01-08,Clothing,North,6,250.49,36.96
2024-01-08,Clothing,East,3,130.02,31.12
2024-01-09,Clothing,South,1,42.25,7.47
2024-01-09,Home & Kitchen,East,1,58.62,20.49
2024-01-10,Home & Kitchen,South,4,225.68,41.55
2024-01-10,Books,East,6,108.09,25.14
2024-01-10,Books,West,7,151.93,44.85
2024-01-10,Electronics,East,6,1057.02,280.57
2024-01-11,Clothing,East,1,40.62,9.62
2024-01-11,Home & Kitchen,East,4,250.66,42.78
2024-01-11,Home & Kitchen,East,3,189.55,26.94
2024-01-12,Home & Kitchen,West,7,535.92,81.26
2024-01-12,Clothing,North,2,105.63,33.99
2024-01-13,Electronics,West,2,429.75,102.64
2024-01-13,Electronics,North,6,1257.15,411.21
2024-01-13,Home & Kitchen,North,1,63.19,18.13
2024-01-13,Books,West,6,134.75,36.07
2024-01-14,Books,West,6,130.1,32.99
2024-01-14,Clothing,North,3,160.76,29.79
2024-01-14,Clothing,South,6,271.88,94.81
2024-01-14,Electronics,West,1,184.12,29.67
2024-01-15,Home & Kitchen,East,3,210.63,52.81
2024-01-15,Electronics,East,6,1018.25,179.33
2024-01-15,Books,North,3,69.73,18.49
2024-01-15,Sports,South,1,57.86,13.5
2024-01-15,Electronics,North,3,567.11,168.3
2024-01-16,Electronics,West,6,1278.59,422.47
2024-01-16,Clothing,North,5,264.36,57.76
2024-01-16,Books,East,4,91.88,17.25
2024-01-16,Clothing,East,1,43.24,6.87
2024-01-16,Home & Kitchen,East,6,426.51,107.1
2024-01-17,Electronics,East,6,1053.57,188.02
2024-01-17,Electronics,South,1,206.47,31.26
2024-01-17,Home & Kitchen,East,5,309.98,67.13
2024-01-17,Electronics,West,5,790.7,95.83
2024-01-17,Home & Kitchen,West,1,56.86,12.01
2024-01-18,Books,East,7,137.4,19.46
2024-01-18,Home & Kitchen,South,3,197.53,48.36
2024-01-18,Electronics,South,2,309.84,39.84
2024-01-19,Clothing,East,4,173.58,53.88
2024-01-19,Electronics,West,5,909.04,285.13
2024-01-19,Electronics,South,7,1379.48,209.43
2024-01-20,Books,West,2,38.52,11.67
2024-01-20,Electronics,West,2,315.89,39.75
2024-01-20,Books,East,7,153.1,32.77
2024-01-20,Electronics,North,7,1181.36,291.0
2024-01-20,Home & Kitchen,West,5,308.09,104.63
2024-01-21,Home & Kitchen,North,6,431.15,56.47
2024-01-21,Home & Kitchen,East,5,289.92,57.59
2024-01-21,Electronics,East,1,172.62,59.6
2024-01-21,Electronics,West,2,402.18,122.9
2024-01-22,Electronics,South,5,890.53,233.0
2024-01-22,Home & Kitchen,South,4,255.09,67.33
2024-01-22,Clothing,North,5,245.11,64.13
2024-01-22,Books,South,1,23.07,6.15
2024-01-22,Sports,West,2,115.57,17.28
2024-01-23,Home & Kitchen,North,4,256.14,87.36
2024-01-23,Books,West,5,87.43,12.52
2024-01-24,Electronics,South,3,522.61,141.53
2024-01-24,Clothing,South,2,87.23,15.7
2024-01-24,Clothing,South,5,218.68,73.35
2024-01-25,Sports,North,5,260.9,41.96
2024-01-25,Sports,West,3,197.45,42.43
2024-01-25,Clothing,East,7,370.37,117.57
2024-01-25,Clothing,North,7,350.94,50.44
2024-01-25,Books,South,4,91.14,17.65
2024-01-26,Electronics,West,4,853.55,268.73
2024-01-26,Clothing,West,6,293.45,67.78
2024-01-26,Clothing,West,5,198.47,51.32
2024-01-26,Home & Kitchen,North,4,307.1,92.04
2024-01-27,Electronics,South,2,313.25,77.18
2024-01-27,Clothing,East,5,218.88,32.16
2024-01-27,Electronics,South,2,383.9,55.0
2024-01-27,Electronics,North,2,355.98,115.74
2024-01-28,Electronics,North,6,1290.95,266.04
2024-01-28,Clothing,West,1,53.17,18.44
2024-01-28,Sports,South,4,193.43,57.79
2024-01-29,Home & Kitchen,South,2,125.53,27.61
2024-01-29,Electronics,South,4,756.01,219.56
2024-01-29,Sports,East,1,61.08,16.9
2024-01-30,Books,East,4,76.0,24.3
2024-01-30,Electronics,South,2,307.53,105.5
2024-01-30,Electronics,North,6,1267.52,420.05
2024-01-30,Electronics,East,4,631.01,99.84
2024-01-30,Electronics,East,7,1510.16,423.29
2024-01-31,Books,North,3,56.9,19.27
2024-01-31,Books,West,4,77.4,12.31
2024-01-31,Home & Kitchen,West,2,120.94,21.91
2024-01-31,Clothing,West,3,147.74,35.95
2024-02-01,Clothing,North,4,170.07,25.62
2024-02-01,Electronics,South,2,358.5,90.94
2024-02-02,Clothing,West,6,311.34,40.6
2024-02-02,Electronics,North,6,1224.39,424.95
2024-02-03,Clothing,South,7,311.08,96.65
2024-02-03,Home & Kitchen,North,2,112.18,16.92
2024-02-04,Electronics,South,4,816.85,285.84
2024-02-04,Books,North,7,156.68,52.85
2024-02-05,Clothing,North,6,248.88,44.26
2024-02-05,Electronics,West,6,1249.97,367.63
2024-02-05,Electronics,East,7,1367.16,327.67
2024-02-06,Sports,South,4,249.86,85.61
2024-02-06,Electronics,East,1,190.17,43.82
2024-02-06,Clothing,North,5,241.6,73.73
2024-02-07,Electronics,West,2,350.17,89.53
2024-02-07,Clothing,East,3,157.47,31.51
2024-02-07,Clothing,West,7,311.47,81.94
2024-02-07,Sports,North,5,247.91,82.58
2024-02-08,Sports,West,5,328.08,76.54
2024-02-08,Clothing,East,3,126.1,17.33
2024-02-08,Electronics,East,7,1247.53,349.89
2024-02-09,Electronics,West,1,209.5,47.98
2024-02-09,Home & Kitchen,South,5,298.12,38.58
2024-02-09,Electronics,West,2,328.3,46.09
2024-02-09,Electronics,North,4,664.0,135.31
2024-02-09,Clothing,North,3,116.61,35.43
2024-02-10,Home & Kitchen,West,6,352.93,72.98
2024-02-10,Electronics,West,1,158.32,40.75
2024-02-11,Electronics,East,6,1007.25,296.93
2024-02-11,Home & Kitchen,South,5,283.34,43.63
2024-02-11,Electronics,East,7,1443.4,422.07
2024-02-11,Electronics,South,2,350.62,74.1
2024-02-11,Electronics,East,5,822.42,205.37
2024-02-12,Electronics,South,6,963.27,312.89
2024-02-12,Home & Kitchen,West,2,146.41,34.35
2024-02-13,Home & Kitchen,South,2,135.88,34.64
2024-02-13,Home & Kitchen,South,1,62.93,20.57
2024-02-13,Home & Kitchen,East,3,233.08,60.44
2024-02-13,Electronics,South,5,813.15,143.58
2024-02-14,Sports,South,6,373.58,49.61
2024-02-14,Sports,East,3,141.3,39.61
2024-02-14,Books,South,2,42.06,13.92
2024-02-14,Electronics,South,1,183.92,52.65
2024-02-14,Sports,South,7,399.35,91.7
2024-02-15,Sports,South,2,105.96,23.08
2024-02-15,Clothing,North,4,160.23,41.73
2024-02-16,Electronics,South,3,635.15,123.06
2024-02-16,Home & Kitchen,South,2,131.17,32.29
2024-02-16,Home & Kitchen,South,5,354.12,49.65
2024-02-16,Electronics,North,1,160.35,36.69
2024-02-16,Home & Kitchen,East,6,346.06,109.24
2024-02-17,Books,South,5,110.58,37.13
2024-02-17,Electronics,East,1,199.69,50.35
2024-02-17,Sports,West,3,186.18,30.98
2024-02-17,Electronics,North,5,1021.59,278.89
2024-02-17,Home & Kitchen,West,1,75.21,15.81
2024-02-18,Clothing,West,6,314.52,82.89
2024-02-18,Home & Kitchen,East,7,478.71,96.57
2024-02-18,Clothing,South,6,235.8,40.72
2024-02-18,Home & Kitchen,South,6,376.93,108.57
2024-02-18,Home & Kitchen,West,7,526.67,123.21
2024-02-19,Books,West,5,90.31,17.31
2024-02-19,Electronics,East,1,155.11,38.94
2024-02-19,Sports,East,2,106.67,32.95
2024-02-20,Clothing,North,4,178.03,54.01
2024-02-20,Electronics,East,4,794.01,226.78
2024-02-20,Home & Kitchen,East,4,270.39,48.11
2024-02-20,Clothing,East,6,315.35,80.16
2024-02-21,Clothing,South,6,287.61,94.83
2024-02-21,Electronics,South,1,169.13,48.54
2024-02-21,Home & Kitchen,West,4,304.61,91.91
2024-02-21,Electronics,East,2,403.18,83.1
2024-02-21,Electronics,East,5,797.84,249.96
2024-02-22,Clothing,South,5,268.81,84.12
2024-02-22,Electronics,North,1,207.8,49.73
2024-02-22,Home & Kitchen,North,7,395.47,77.95
2024-02-22,Sports,North,2,106.34,22.5
2024-02-23,Sports,South,2,111.43,25.69
2024-02-23,Books,West,3,51.69,17.05
2024-02-24,Electronics,East,4,717.57,237.1
2024-02-24,Clothing,East,3,144.62,17.79
2024-02-24,Home & Kitchen,East,1,77.11,11.89
2024-02-25,Sports,East,5,251.5,47.51
2024-02-25,Clothing,South,7,314.8,95.68
2024-02-25,Clothing,South,5,240.47,49.75
2024-02-26,Home & Kitchen,South,1,72.89,16.35
2024-02-26,Home & Kitchen,West,1,64.37,16.01
2024-02-26,Electronics,North,5,788.78,231.31
2024-02-26,Electronics,East,6,1117.05,339.78
2024-02-26,Books,West,2,46.14,9.87
2024-02-27,Electronics,West,7,1367.3,170.27
2024-02-27,Electronics,East,5,821.24,221.84
2024-02-28,Sports,East,6,350.17,107.0
2024-02-28,Books,West,5,89.94,19.2
2024-02-28,Clothing,South,7,337.56,97.64
2024-02-28,Sports,West,5,318.11,85.21
2024-02-29,Books,East,5,96.96,17.42
2024-02-29,Clothing,East,7,297.3,78.35
2024-02-29,Clothing,South,1,45.12,8.47
2024-03-01,Books,West,1,23.08,5.36
2024-03-01,Books,West,1,20.39,4.85
2024-03-01,Sports,South,5,272.5,46.36
2024-03-01,Home & Kitchen,South,4,233.04,76.23
2024-03-01,Home & Kitchen,North,3,221.89,53.66
2024-03-02,Home & Kitchen,South,2,135.72,36.62
2024-03-02,Sports,East,5,234.81,35.57
2024-03-02,Books,South,3,63.55,16.4
2024-03-03,Clothing,South,5,257.25,54.8
2024-03-03,Sports,South,2,99.9,28.95
2024-03-04,Electronics,East,2,314.6,98.32
2024-03-04,Clothing,West,1,49.61,12.92
2024-03-04,Books,East,7,165.75,25.04
2024-03-04,Clothing,South,4,187.01,29.41
2024-03-05,Electronics,South,3,571.8,112.57
2024-03-05,Sports,North,1,48.2,13.86
2024-03-05,Clothing,East,2,90.98,12.51
2024-03-05,Electronics,West,4,855.86,103.74
2024-03-05,Electronics,North,4,815.47,278.31
2024-03-06,Books,East,1,18.3,4.48
2024-03-06,Sports,West,7,435.93,118.36
2024-03-07,Home & Kitchen,West,1,75.8,20.37
2024-03-07,Home & Kitchen,North,5,352.45,45.87
2024-03-07,Home & Kitchen,North,7,475.26,108.76
2024-03-08,Electronics,North,7,1202.13,399.84
2024-03-08,Books,East,5,101.6,32.34
2024-03-08,Sports,South,3,188.12,24.18
2024-03-08,Home & Kitchen,East,4,231.97,31.94
2024-03-09,Home & Kitchen,South,7,451.16,113.54
2024-03-09,Sports,West,5,297.43,86.17
2024-03-10,Books,South,4,74.52,9.36
2024-03-10,Sports,South,3,190.76,46.1
2024-03-11,Books,East,7,119.46,15.78
2024-03-11,Electronics,South,5,916.13,232.31
2024-03-11,Electronics,North,2,317.55,62.67
2024-03-11,Home & Kitchen,North,6,331.96,75.51
2024-03-11,Electronics,South,4,792.32,202.43
2024-03-12,Electronics,South,7,1259.65,262.5
2024-03-12,Home & Kitchen,West,3,230.58,69.37
2024-03-12,Electronics,South,7,1458.69,492.0
2024-03-12,Clothing,North,2,81.76,28.45
2024-03-12,Electronics,West,5,969.64,251.89
2024-03-13,Electronics,East,2,354.4,45.52
2024-03-13,Books,West,6,135.63,35.92
2024-03-14,Books,East,4,95.86,15.34
2024-03-14,Clothing,South,2,98.42,15.29
2024-03-14,Sports,South,5,255.29,62.16
2024-03-14,Home & Kitchen,South,5,286.66,92.25
2024-03-15,Electronics,North,1,155.8,49.23
2024-03-15,Electronics,East,1,187.7,26.28
2024-03-15,Clothing,East,6,254.05,72.76
2024-03-15,Clothing,South,5,208.59,57.81
2024-03-16,Books,South,5,101.82,26.09
2024-03-16,Sports,West,2,114.44,36.49
2024-03-17,Sports,East,4,252.49,80.66
2024-03-17,Home & Kitchen,East,5,355.59,98.3
2024-03-18,Home & Kitchen,West,7,527.15,179.81
2024-03-18,Clothing,East,7,268.32,82.8
2024-03-18,Electronics,East,7,1071.49,265.65
2024-03-18,Sports,West,7,353.27,49.23
2024-03-19,Books,North,7,137.46,16.78
2024-03-19,Sports,West,6,313.23,38.92
2024-03-19,Clothing,South,7,310.98,50.16
2024-03-19,Sports,South,4,200.38,59.57
2024-03-20,Clothing,North,4,157.24,39.92
2024-03-20,Clothing,South,3,155.03,53.91
2024-03-20,Home & Kitchen,West,4,279.93,71.86
2024-03-20,Clothing,North,3,153.57,31.56
2024-03-20,Sports,East,2,93.54,14.64
2024-03-21,Books,North,3,60.48,9.53
2024-03-21,Sports,North,3,153.0,21.26
2024-03-21,Home & Kitchen,South,3,184.4,62.46
2024-03-22,Electronics,North,5,1051.5,333.53
2024-03-22,Books,East,1,20.1,3.85
2024-03-22,Clothing,South,7,349.98,58.13
2024-03-22,Sports,West,4,230.33,52.62
2024-03-22,Home & Kitchen,West,6,359.31,50.65
2024-03-23,Sports,South,2,122.8,32.42
2024-03-23,Electronics,North,4,855.81,139.2
2024-03-23,Clothing,South,6,286.04,74.28
2024-03-23,Electronics,North,6,1003.25,157.5
2024-03-23,Home & Kitchen,North,5,343.39,75.42
2024-03-24,Clothing,West,5,196.96,41.42
2024-03-24,Clothing,East,6,257.06,71.94
2024-03-24,Sports,South,1,47.51,10.95
2024-03-24,Electronics,North,4,860.64,131.48
2024-03-24,Clothing,South,4,197.26,49.06
2024-03-25,Books,North,2,41.48,13.4
2024-03-25,Electronics,North,4,702.17,136.28
2024-03-25,Books,South,6,131.11,40.5
2024-03-25,Electronics,West,1,212.95,31.64
2024-03-25,Books,North,6,127.9,33.38
2024-03-26,Home & Kitchen,West,2,138.95,41.71
2024-03-26,Home & Kitchen,East,7,491.99,121.62
2024-03-27,Sports,South,7,413.97,99.8
2024-03-27,Sports,East,2,95.82,16.94
2024-03-27,Electronics,North,3,500.43,172.37
2024-03-28,Sports,North,7,385.69,50.16
2024-03-28,Electronics,South,2,388.31,76.28
2024-03-28,Home & Kitchen,East,3,171.31,36.45
2024-03-28,Electronics,South,7,1160.78,363.68
2024-03-28,Electronics,North,7,1254.42,394.69
2024-03-29,Clothing,West,6,322.83,41.72
2024-03-29,Sports,West,1,55.19,15.83
2024-03-30,Home & Kitchen,East,2,146.58,39.67
2024-03-30,Books,South,6,117.08,24.39
2024-03-30,Clothing,North,7,293.75,87.68
2024-03-30,Clothing,South,7,337.49,69.44
2024-03-30,Clothing,North,5,196.69,43.38
2024-03-31,Sports,East,6,339.96,68.88
2024-03-31,Home & Kitchen,South,1,64.15,22.0
2024-03-31,Electronics,North,5,867.43,258.41
2024-04-01,Clothing,East,7,293.62,94.91
2024-04-01,Clothing,West,2,90.64,24.83
2024-04-01,Electronics,North,4,760.15,257.06
2024-04-01,Electronics,South,4,707.6,183.46
2024-04-01,Clothing,West,5,252.82,71.36
2024-04-02,Home & Kitchen,East,6,359.6,52.41
2024-04-02,Electronics,South,1,186.46,62.54
2024-04-02,Electronics,East,3,544.47,182.28
2024-04-02,Clothing,North,3,116.71,17.99
2024-04-02,Books,West,3,51.1,17.32
2024-04-03,Books,East,7,131.46,31.55
2024-04-03,Clothing,South,4,160.92,24.22
2024-04-03,Electronics,South,2,398.35,62.68
2024-04-04,Electronics,West,5,904.78,289.23
2024-04-04,Electronics,South,1,205.8,69.41
2024-04-05,Electronics,South,1,205.35,65.48
2024-04-05,Sports,East,1,60.02,16.54
2024-04-05,Electronics,West,6,1066.88,287.83
2024-04-06,Clothing,South,2,95.56,18.46
2024-04-06,Sports,North,5,309.05,77.39
2024-04-06,Sports,West,2,109.06,21.29
2024-04-07,Clothing,South,2,104.15,20.1
2024-04-07,Sports,North,6,343.39,41.66
2024-04-07,Clothing,West,2,88.98,24.91
2024-04-08,Home & Kitchen,North,1,67.66,15.04
2024-04-08,Electronics,East,3,490.84,131.44
2024-04-08,Sports,North,3,171.57,58.13
2024-04-08,Sports,West,5,312.08,45.27
2024-04-08,Electronics,West,5,842.51,193.47
2024-04-09,Sports,South,6,363.44,123.49
2024-04-09,Electronics,East,3,460.43,123.82
2024-04-09,Books,North,4,93.96,12.58
2024-04-09,Books,South,3,53.13,12.31
2024-04-10,Home & Kitchen,South,3,229.2,55.56
2024-04-10,Home & Kitchen,South,4,286.3,60.69
2024-04-10,Books,South,1,20.66,3.06
2024-04-10,Sports,East,5,251.52,47.26
2024-04-10,Sports,North,2,128.83,28.04
2024-04-11,Sports,North,4,190.34,50.56
2024-04-11,Books,East,6,136.41,44.11
2024-04-11,Electronics,North,7,1340.44,287.57
2024-04-12,Books,West,1,18.66,5.59
2024-04-12,Electronics,East,4,718.78,196.61
2024-04-13,Sports,South,1,54.91,8.52
2024-04-13,Electronics,West,2,365.58,88.88
2024-04-13,Electronics,North,7,1172.54,196.31
2024-04-14,Electronics,South,5,952.26,223.07
2024-04-14,Books,East,7,153.06,32.6
2024-04-14,Clothing,East,1,49.16,17.11
2024-04-14,Electronics,East,4,794.53,201.04
2024-04-15,Sports,West,5,319.82,52.49
2024-04-15,Clothing,East,6,263.05,35.77
2024-04-15,Clothing,South,4,203.42,35.34
2024-04-15,Home & Kitchen,South,2,141.45,24.48
2024-04-16,Clothing,South,2,107.82,29.35
2024-04-16,Home & Kitchen,South,7,460.83,61.67
2024-04-16,Home & Kitchen,West,5,296.19,82.55
2024-04-17,Electronics,South,6,1077.78,333.05
2024-04-17,Electronics,West,4,859.27,196.97
2024-04-18,Electronics,West,3,487.81,169.89
2024-04-18,Books,West,1,22.89,5.49
2024-04-18,Home & Kitchen,South,7,524.45,136.33
2024-04-19,Sports,South,5,237.23,45.01
2024-04-19,Electronics,South,1,158.52,53.18
2024-04-19,Home & Kitchen,East,3,192.84,42.98
2024-04-19,Home & Kitchen,East,6,457.0,107.08
2024-04-19,Books,North,4,73.84,24.67
2024-04-20,Home & Kitchen,North,3,211.77,51.35
2024-04-20,Sports,East,7,368.31,51.05
2024-04-20,Clothing,South,3,147.59,29.46
2024-04-21,Home & Kitchen,South,1,68.33,15.73
2024-04-21,Clothing,East,6,242.65,79.25
2024-04-21,Sports,West,3,195.27,60.49
2024-04-21,Home & Kitchen,South,5,279.19,42.18
2024-04-21,Books,West,4,95.04,20.86
2024-04-22,Books,West,2,37.89,11.97
2024-04-22,Electronics,East,6,1145.77,233.63
2024-04-23,Electronics,East,2,363.93,48.54
2024-04-23,Books,North,7,153.06,53.0
2024-04-23,Electronics,East,5,803.24,152.42
2024-04-23,Electronics,West,4,767.75,203.94
2024-04-24,Sports,East,4,210.58,55.49
2024-04-24,Home & Kitchen,East,2,116.45,37.72
2024-04-24,Clothing,North,3,132.13,28.44
2024-04-24,Sports,North,5,307.8,37.72
2024-04-24,Clothing,East,5,192.76,34.65
2024-04-25,Home & Kitchen,West,7,485.32,94.35
2024-04-25,Sports,North,5,252.89,34.11
2024-04-25,Electronics,North,3,509.25,136.78
2024-04-26,Sports,East,5,280.74,43.38
2024-04-26,Clothing,West,2,91.49,18.89
2024-04-27,Sports,South,5,325.79,49.07
2024-04-27,Electronics,West,1,212.4,65.0
2024-04-27,Electronics,North,2,423.22,75.42
2024-04-27,Sports,West,3,168.86,35.27
2024-04-27,Clothing,North,7,365.81,81.81
2024-04-28,Electronics,West,4,741.08,204.87
2024-04-28,Electronics,North,7,1386.9,189.42
2024-04-29,Electronics,North,5,925.2,193.5
2024-04-29,Clothing,West,3,160.62,54.09
2024-04-29,Sports,East,3,164.05,40.42
2024-04-29,Sports,West,2,94.31,13.1
2024-04-29,Books,East,1,23.83,6.52
2024-04-30,Electronics,South,4,807.21,216.41
2024-04-30,Home & Kitchen,South,7,540.98,164.3
2024-04-30,Electronics,West,2,381.84,96.97
2024-04-30,Sports,West,4,199.06,25.89
2024-05-01,Books,East,1,19.61,4.3
2024-05-01,Clothing,North,2,106.21,18.62
2024-05-02,Home & Kitchen,East,6,333.24,116.05
2024-05-02,Home & Kitchen,South,7,526.77,94.52
2024-05-03,Electronics,North,6,1092.08,342.54
2024-05-03,Sports,East,7,415.67,66.84
2024-05-03,Home & Kitchen,East,1,76.58,9.95
2024-05-03,Electronics,North,5,993.68,306.14
2024-05-04,Clothing,East,4,199.17,48.74
2024-05-04,Home & Kitchen,West,3,186.06,46.51
2024-05-04,Home & Kitchen,East,4,278.9,82.29
2024-05-04,Electronics,South,2,307.18,54.29
2024-05-05,Books,West,3,59.43,18.07
2024-05-05,Electronics,South,5,995.92,260.61
2024-05-06,Home & Kitchen,West,5,337.53,81.2
2024-05-06,Sports,South,6,376.67,46.16
2024-05-06,Sports,North,1,59.81,17.58
2024-05-06,Sports,South,3,197.79,40.49
2024-05-07,Home & Kitchen,South,6,412.45,86.64
2024-05-07,Clothing,West,7,268.1,70.38
2024-05-08,Electronics,North,4,713.39,229.06
2024-05-08,Clothing,East,5,236.92,59.03
2024-05-08,Home & Kitchen,South,2,137.77,35.61
2024-05-08,Electronics,East,1,193.1,29.79
2024-05-08,Home & Kitchen,West,6,465.54,78.33
2024-05-09,Clothing,West,5,202.86,39.66
2024-05-09,Clothing,South,7,292.07,75.23
2024-05-09,Sports,East,1,64.71,17.33
2024-05-09,Clothing,West,4,202.5,29.81
2024-05-09,Clothing,South,4,177.18,44.57
2024-05-10,Electronics,West,5,1073.59,169.65
2024-05-10,Home & Kitchen,South,6,411.55,115.43
2024-05-10,Books,East,5,86.96,27.49
2024-05-10,Electronics,North,5,910.45,209.96
2024-05-10,Clothing,West,5,246.85,65.46
2024-05-11,Sports,South,3,165.48,47.62
2024-05-11,Sports,South,6,350.98,53.04
2024-05-11,Sports,West,1,65.16,8.85
2024-05-12,Electronics,South,4,681.48,124.98
2024-05-12,Sports,South,6,330.04,103.73
2024-05-12,Electronics,North,5,1033.72,135.1
2024-05-12,Home & Kitchen,East,1,63.12,12.15
2024-05-12,Sports,South,7,359.16,103.6
2024-05-13,Books,East,7,138.28,42.92
2024-05-13,Sports,South,1,56.27,19.43
2024-05-13,Electronics,East,2,330.09,65.29
2024-05-13,Clothing,North,4,175.02,25.6
2024-05-14,Sports,East,2,96.92,26.87
2024-05-14,Home & Kitchen,West,5,302.12,64.33
2024-05-14,Home & Kitchen,East,6,406.42,106.06
2024-05-15,Clothing,North,2,81.72,27.58
2024-05-15,Sports,South,2,111.3,23.9
2024-05-15,Home & Kitchen,South,4,226.67,53.92
2024-05-16,Clothing,East,3,151.9,25.26
2024-05-16,Electronics,West,2,347.61,102.22
2024-05-16,Clothing,West,5,243.2,38.22
2024-05-16,Electronics,North,1,188.29,55.11
2024-05-16,Home & Kitchen,South,1,57.39,11.42
2024-05-17,Home & Kitchen,West,3,172.95,46.88
2024-05-17,Sports,South,3,185.04,63.25
2024-05-17,Electronics,South,4,811.8,205.26
2024-05-17,Home & Kitchen,East,1,64.26,21.24
2024-05-17,Home & Kitchen,South,4,284.33,86.0
2024-05-18,Home & Kitchen,North,3,226.98,36.05
2024-05-18,Clothing,West,1,38.78,7.9
2024-05-18,Sports,West,3,158.34,48.08
2024-05-18,Books,East,1,22.63,5.35
2024-05-19,Books,North,7,125.0,35.85
2024-05-19,Clothing,West,6,322.09,87.26
2024-05-19,Electronics,North,1,158.86,20.14
2024-05-19,Sports,South,6,324.28,111.52
2024-05-19,Clothing,North,4,210.85,30.67
2024-05-20,Clothing,East,2,102.38,23.1
2024-05-20,Clothing,South,6,307.77,60.66
2024-05-20,Electronics,North,4,820.15,117.4
2024-05-20,Electronics,West,2,349.84,78.22
2024-05-20,Sports,North,7,410.92,82.61
2024-05-21,Sports,South,7,361.47,45.96
2024-05-21,Sports,South,2,105.62,12.77
2024-05-22,Electronics,North,4,669.25,209.15
2024-05-22,Electronics,East,3,590.19,140.41
2024-05-22,Clothing,East,5,193.86,36.82
2024-05-22,Home & Kitchen,South,4,300.28,88.94
2024-05-23,Electronics,East,2,388.0,124.58
2024-05-23,Electronics,East,3,532.66,110.41
2024-05-23,Electronics,North,6,1061.79,365.96
2024-05-23,Electronics,West,1,155.65,45.17
2024-05-24,Books,South,1,19.05,6.28
2024-05-24,Sports,North,4,188.39,64.33
2024-05-24,Sports,East,4,250.86,46.35
2024-05-25,Clothing,West,6,240.86,32.69
2024-05-25,Electronics,North,1,182.53,34.55
2024-05-25,Home & Kitchen,East,1,62.07,18.06
2024-05-25,Electronics,West,4,826.77,226.2
2024-05-26,Clothing,West,7,336.79,81.57
2024-05-26,Sports,West,6,330.07,59.94
2024-05-26,Sports,North,7,416.03,74.07
2024-05-27,Home & Kitchen,North,5,286.93,94.46
2024-05-27,Home & Kitchen,North,2,150.49,37.85
2024-05-28,Home & Kitchen,West,4,303.87,68.92
2024-05-28,Electronics,East,2,326.77,52.03
2024-05-29,Home & Kitchen,West,1,71.23,12.44
2024-05-29,Clothing,West,4,177.22,41.14
2024-05-30,Electronics,West,2,365.59,126.6
2024-05-30,Electronics,South,6,1254.98,151.44
2024-05-30,Electronics,South,2,420.33,73.53
2024-05-31,Books,North,5,101.87,16.82
2024-05-31,Home & Kitchen,North,4,239.84,57.28
2024-05-31,Electronics,South,1,166.8,21.42
2024-06-01,Electronics,East,5,903.14,153.77
2024-06-01,Clothing,South,6,255.75,78.73
2024-06-01,Electronics,North,5,873.75,206.82
2024-06-01,Sports,North,3,142.84,31.94
2024-06-01,Books,North,1,19.73,5.68
2024-06-02,Books,North,5,106.28,20.32
2024-06-02,Sports,East,4,250.23,30.12
2024-06-02,Home & Kitchen,East,6,366.66,49.02
2024-06-02,Home & Kitchen,South,2,115.71,24.1
2024-06-02,Clothing,South,5,200.78,43.44
2024-06-03,Books,West,2,38.5,11.26
2024-06-03,Clothing,North,1,48.43,15.7
2024-06-03,Home & Kitchen,South,2,116.82,17.13
2024-06-03,Electronics,East,4,772.75,224.43
2024-06-03,Home & Kitchen,East,6,350.9,43.05
2024-06-04,Home & Kitchen,East,1,57.17,12.11
2024-06-04,Books,South,1,18.51,4.21
2024-06-04,Sports,South,4,216.83,68.5
2024-06-05,Home & Kitchen,East,1,62.22,18.76
2024-06-05,Clothing,South,3,136.02,34.44
2024-06-05,Sports,East,3,173.87,35.71
2024-06-05,Home & Kitchen,West,4,283.64,58.47
2024-06-05,Electronics,North,7,1133.88,368.2
2024-06-06,Books,East,5,103.1,21.36
2024-06-06,Electronics,East,7,1420.15,365.09
2024-06-07,Home & Kitchen,North,2,148.8,37.71
2024-06-07,Home & Kitchen,East,4,236.23,81.16
2024-06-08,Electronics,East,3,641.2,133.61
2024-06-08,Electronics,South,3,532.33,83.47
2024-06-08,Electronics,East,5,909.43,169.63
2024-06-09,Sports,North,2,107.93,24.72
2024-06-09,Clothing,South,4,187.36,26.28
2024-06-10,Books,West,1,19.7,3.91
2024-06-10,Home & Kitchen,North,1,67.85,16.6
2024-06-10,Sports,East,7,386.6,73.27
2024-06-10,Electronics,East,2,313.26,62.26
2024-06-11,Electronics,East,7,1311.27,207.19
2024-06-11,Home & Kitchen,North,3,176.02,54.19
2024-06-11,Electronics,North,1,199.28,37.69
2024-06-11,Clothing,West,2,91.04,26.23
2024-06-11,Electronics,North,1,197.79,64.99
2024-06-12,Books,North,2,44.11,10.7
2024-06-12,Sports,North,6,371.8,55.29
2024-06-12,Sports,West,1,63.63,21.45
2024-06-12,Electronics,East,2,429.6,99.32
2024-06-13,Clothing,East,2,91.98,22.09
2024-06-13,Home & Kitchen,East,7,483.22,160.1
2024-06-13,Clothing,North,3,157.01,35.31
2024-06-13,Clothing,East,7,332.95,101.72
2024-06-13,Clothing,East,1,39.19,4.73
2024-06-14,Sports,West,3,158.26,28.31
2024-06-14,Electronics,East,6,1001.44,289.24
2024-06-15,Clothing,North,6,297.8,83.17
2024-06-15,Electronics,South,5,878.0,267.81
2024-06-15,Electronics,West,6,1279.92,156.2
2024-06-16,Electronics,South,1,158.66,19.12
2024-06-16,Electronics,West,1,192.87,26.21
2024-06-16,Electronics,West,5,1023.91,313.43
2024-06-16,Books,East,2,35.46,7.51
2024-06-17,Electronics,West,4,714.59,96.6
2024-06-17,Clothing,East,6,305.88,103.38
2024-06-17,Electronics,North,3,557.77,105.36
2024-06-18,Electronics,South,2,336.52,77.4
2024-06-18,Electronics,South,5,975.06,164.35
2024-06-18,Sports,East,7,452.46,96.45
2024-06-18,Books,North,7,142.35,24.48
2024-06-18,Home & Kitchen,North,5,344.9,69.77
2024-06-19,Sports,East,1,60.61,19.36
2024-06-19,Clothing,West,6,236.28,65.45
2024-06-20,Clothing,South,4,172.1,32.13
2024-06-20,Home & Kitchen,West,5,380.54,108.74
2024-06-20,Clothing,East,6,312.85,96.82
2024-06-21,Electronics,West,1,173.01,20.77
2024-06-21,Clothing,South,2,85.2,24.08
2024-06-21,Electronics,South,1,174.44,58.66
2024-06-21,Electronics,West,3,615.25,92.22
2024-06-22,Sports,West,4,247.75,80.55
2024-06-22,Clothing,North,6,265.16,90.62
2024-06-23,Electronics,East,2,377.14,125.94
2024-06-23,Sports,East,2,98.86,17.64
2024-06-24,Home & Kitchen,North,4,232.79,64.13
2024-06-24,Books,North,5,101.64,27.03
2024-06-24,Books,North,5,102.45,21.37
2024-06-24,Sports,East,7,342.2,91.0
2024-06-25,Clothing,West,7,352.37,76.04
2024-06-25,Sports,East,2,101.66,27.57
2024-06-25,Clothing,West,6,249.89,68.94
2024-06-25,Home & Kitchen,South,1,58.36,15.75
2024-06-26,Sports,South,4,191.02,52.89
2024-06-26,Clothing,North,4,158.38,20.57
2024-06-26,Home & Kitchen,North,6,438.25,107.4
2024-06-27,Sports,South,5,270.24,53.4
2024-06-27,Electronics,West,6,1074.36,250.71
2024-06-27,Clothing,North,4,190.49,23.29
2024-06-27,Clothing,West,2,92.85,25.61
2024-06-28,Clothing,West,7,291.98,43.87
2024-06-28,Sports,South,5,241.1,50.15
2024-06-28,Clothing,North,6,270.66,53.15
2024-06-28,Clothing,East,2,83.53,22.35
2024-06-28,Home & Kitchen,West,3,211.0,51.93
2024-06-29,Sports,North,3,188.17,48.81
2024-06-29,Electronics,North,6,975.58,318.89
2024-06-29,Home & Kitchen,North,2,137.95,31.57
2024-06-29,Electronics,West,2,379.36,131.92
2024-06-29,Electronics,West,4,749.21,255.81
2024-06-30,Sports,North,3,182.15,47.82
2024-06-30,Books,North,2,38.41,7.05
2024-06-30,Books,West,4,78.87,21.69
2024-06-30,Electronics,North,7,1475.61,275.67
2024-06-30,Clothing,East,7,345.78,46.44
2024-07-01,Books,West,4,74.45,9.7
2024-07-01,Clothing,South,3,150.71,30.37
2024-07-02,Home & Kitchen,North,6,369.0,112.77
2024-07-02,Clothing,South,6,270.4,35.18
2024-07-02,Electronics,North,4,838.21,230.59
2024-07-03,Books,North,2,45.95,8.07
2024-07-03,Books,West,4,94.64,33.01
2024-07-04,Books,South,1,18.53,4.18
2024-07-04,Books,East,7,129.48,15.93
2024-07-04,Electronics,West,3,597.37,120.47
2024-07-04,Home & Kitchen,East,5,384.64,131.71
2024-07-04,Clothing,South,6,297.38,52.6
2024-07-05,Clothing,North,3,160.12,47.34
2024-07-05,Sports,West,1,62.83,18.88
2024-07-06,Books,South,7,150.08,25.68
2024-07-06,Clothing,South,7,348.11,49.41
2024-07-06,Clothing,North,5,229.12,62.4
2024-07-06,Electronics,North,6,1068.38,354.16
2024-07-06,Books,West,1,22.33,4.59
2024-07-07,Electronics,South,3,469.91,104.42
2024-07-07,Electronics,North,2,431.05,90.03
2024-07-07,Home & Kitchen,South,4,298.1,97.63
2024-07-07,Sports,West,4,189.12,59.22
2024-07-07,Sports,North,2,130.32,20.08
2024-07-08,Electronics,North,4,758.57,167.2
2024-07-08,Home & Kitchen,East,4,290.05,53.65
2024-07-08,Clothing,East,7,372.1,121.04
2024-07-08,Clothing,West,7,320.27,75.08
2024-07-08,Electronics,North,1,171.63,44.04
2024-07-09,Electronics,North,3,472.04,158.79
2024-07-09,Clothing,East,7,357.15,111.52
2024-07-09,Clothing,South,5,251.98,68.18
2024-07-10,Clothing,North,7,272.76,50.93
2024-07-10,Books,East,6,124.96,30.29
2024-07-10,Home & Kitchen,West,6,380.94,109.07
2024-07-10,Electronics,East,6,921.81,203.37
2024-07-11,Electronics,East,4,855.65,146.82
2024-07-11,Home & Kitchen,East,1,74.55,16.19
2024-07-11,Clothing,South,5,247.37,76.16
2024-07-11,Electronics,South,3,647.91,138.21
2024-07-11,Electronics,South,5,935.88,144.51
2024-07-12,Electronics,East,2,395.37,62.66
2024-07-12,Sports,North,1,65.08,8.44
2024-07-12,Electronics,West,4,771.3,115.61
2024-07-12,Home & Kitchen,North,1,71.37,11.39
2024-07-12,Books,East,2,43.76,12.44
2024-07-13,Sports,East,7,344.11,108.6
2024-07-13,Clothing,South,3,117.2,17.9
2024-07-13,Electronics,West,4,651.65,96.01
2024-07-13,Sports,West,7,385.91,95.07
2024-07-14,Clothing,East,4,202.53,58.52
2024-07-14,Clothing,East,3,154.39,18.93
2024-07-15,Home & Kitchen,South,5,287.34,71.42
2024-07-15,Clothing,South,1,46.67,11.4
2024-07-15,Clothing,North,3,137.54,20.25
2024-07-16,Sports,East,3,163.15,24.52
2024-07-16,Sports,West,7,368.99,68.89
2024-07-16,Sports,East,1,62.09,11.03
2024-07-16,Home & Kitchen,East,2,148.39,48.73
2024-07-16,Electronics,West,4,659.1,82.09
2024-07-17,Clothing,East,4,192.14,37.82
2024-07-17,Sports,South,5,240.33,72.16
2024-07-18,Electronics,North,3,587.06,80.18
2024-07-18,Electronics,East,4,859.48,258.29
2024-07-18,Sports,East,6,370.71,111.44
2024-07-19,Electronics,North,2,424.6,140.28
2024-07-19,Electronics,South,5,1072.79,154.18
2024-07-20,Electronics,South,1,199.49,56.27
2024-07-20,Clothing,East,1,44.51,8.05
2024-07-20,Electronics,North,3,509.75,94.87
2024-07-21,Home & Kitchen,South,3,206.38,32.94
2024-07-21,Books,West,3,60.04,16.81
2024-07-21,Clothing,East,7,328.76,87.97
2024-07-22,Books,East,3,65.2,18.42
2024-07-22,Home & Kitchen,North,3,184.25,47.44
2024-07-22,Sports,North,3,146.37,22.78
2024-07-23,Electronics,East,5,828.83,211.47
2024-07-23,Home & Kitchen,North,5,322.68,39.86
2024-07-23,Home & Kitchen,North,1,65.49,22.28
2024-07-23,Clothing,North,6,247.32,67.93
2024-07-24,Home & Kitchen,South,2,144.3,28.17
2024-07-24,Books,North,7,158.55,50.44
2024-07-24,Sports,East,1,55.19,19.27
2024-07-24,Electronics,East,1,195.25,54.9
2024-07-24,Electronics,East,1,204.56,26.9
2024-07-25,Electronics,East,1,166.51,30.35
2024-07-25,Electronics,West,3,545.74,157.46
2024-07-25,Home & Kitchen,East,2,127.44,25.05
2024-07-25,Books,East,3,61.36,11.36
2024-07-25,Sports,East,2,113.27,20.19
2024-07-26,Home & Kitchen,East,6,382.16,126.79
2024-07-26,Home & Kitchen,North,7,429.56,87.95
2024-07-26,Books,North,2,45.02,10.11
2024-07-26,Home & Kitchen,East,3,213.9,46.7
2024-07-27,Home & Kitchen,East,5,365.43,79.1
2024-07-27,Clothing,West,3,143.05,23.78
2024-07-27,Home & Kitchen,East,5,329.66,41.71
2024-07-27,Electronics,North,7,1385.42,169.91
2024-07-27,Clothing,South,6,240.07,57.32
2024-07-28,Electronics,North,2,417.09,128.15
2024-07-28,Home & Kitchen,East,4,247.32,47.3
2024-07-29,Clothing,South,7,295.85,86.03
2024-07-29,Electronics,West,1,205.17,34.82
2024-07-29,Sports,North,4,235.68,48.53
2024-07-29,Electronics,West,1,173.07,56.74
2024-07-29,Electronics,North,3,524.94,125.97
2024-07-30,Home & Kitchen,North,4,299.15,87.39
2024-07-30,Clothing,South,1,40.78,11.21
2024-07-31,Sports,West,7,393.19,86.03
2024-07-31,Sports,North,2,113.98,34.37
2024-08-01,Electronics,North,6,925.23,146.3
2024-08-01,Books,South,2,38.96,5.62
2024-08-01,Electronics,North,2,382.58,67.5
2024-08-02,Electronics,East,3,522.44,152.74
2024-08-02,Home & Kitchen,East,5,323.43,94.89
2024-08-02,Sports,East,2,109.36,32.08
2024-08-02,Electronics,South,3,562.32,141.9
2024-08-03,Home & Kitchen,North,1,66.53,22.26
2024-08-03,Clothing,West,2,92.64,13.55
2024-08-04,Books,East,2,41.11,8.9
2024-08-04,Electronics,North,3,472.05,108.14
2024-08-04,Home & Kitchen,North,3,212.75,37.92
2024-08-05,Sports,North,1,55.7,17.88
2024-08-05,Electronics,West,3,512.96,124.27
2024-08-06,Electronics,South,1,208.6,47.4
2024-08-06,Electronics,South,1,203.62,66.67
2024-08-07,Electronics,West,6,1099.16,177.84
2024-08-07,Sports,East,4,229.01,79.19
2024-08-07,Clothing,North,5,269.15,46.63
2024-08-07,Books,South,5,100.62,13.69
2024-08-07,Sports,West,3,181.06,37.32
2024-08-08,Sports,South,7,422.76,51.54
2024-08-08,Electronics,South,1,176.51,46.84
2024-08-08,Electronics,West,7,1092.46,277.08
2024-08-08,Clothing,South,5,232.28,46.58
2024-08-08,Home & Kitchen,West,1,55.58,9.32
2024-08-09,Sports,East,4,202.01,65.61
2024-08-09,Sports,North,7,408.83,89.79
2024-08-09,Sports,South,5,285.88,84.16
2024-08-09,Clothing,North,5,247.38,51.66
2024-08-09,Home & Kitchen,North,5,300.7,65.47
2024-08-10,Sports,East,7,402.43,102.41
2024-08-10,Electronics,East,2,362.8,123.52
2024-08-10,Clothing,South,6,279.89,74.58
2024-08-10,Sports,North,1,56.93,17.65
2024-08-10,Clothing,South,5,242.81,75.14
2024-08-11,Home & Kitchen,East,7,510.65,150.64
2024-08-11,Electronics,West,2,394.07,80.67
2024-08-11,Clothing,North,5,211.69,27.04
2024-08-12,Books,East,5,107.05,33.97
2024-08-12,Sports,North,6,383.08,74.63
2024-08-13,Clothing,North,6,238.41,69.63
2024-08-13,Sports,North,6,291.46,101.94
2024-08-14,Books,East,5,115.03,40.2
2024-08-14,Electronics,East,5,865.2,295.09
2024-08-14,Books,North,3,59.53,7.33
2024-08-14,Electronics,North,3,461.98,57.26
2024-08-15,Home & Kitchen,West,4,224.54,70.18
2024-08-15,Home & Kitchen,East,3,208.38,66.44
2024-08-15,Home & Kitchen,North,4,311.15,91.49
2024-08-15,Clothing,South,5,221.9,38.31
2024-08-15,Home & Kitchen,West,3,229.16,45.52
2024-08-16,Home & Kitchen,North,3,195.99,45.79
2024-08-16,Sports,South,4,259.37,61.19
2024-08-17,Clothing,South,3,146.76,30.21
2024-08-17,Books,North,4,82.01,22.87
2024-08-17,Home & Kitchen,North,6,369.08,57.55
2024-08-17,Home & Kitchen,West,1,59.33,16.74
2024-08-17,Clothing,East,1,51.44,8.18
2024-08-18,Home & Kitchen,North,7,414.05,92.88
2024-08-18,Clothing,West,6,315.52,84.24
2024-08-18,Books,North,5,105.46,32.88
2024-08-18,Home & Kitchen,South,2,144.2,20.45
2024-08-18,Home & Kitchen,West,5,324.4,45.24
2024-08-19,Home & Kitchen,East,6,421.46,71.05
2024-08-19,Sports,East,3,182.84,33.99
2024-08-19,Sports,East,3,141.98,46.34
2024-08-19,Home & Kitchen,East,1,65.83,20.73
2024-08-19,Electronics,West,4,628.89,216.55
2024-08-20,Home & Kitchen,South,6,373.28,92.17
2024-08-20,Sports,East,4,199.95,45.84
2024-08-21,Electronics,South,4,722.49,174.75
2024-08-21,Books,North,4,75.79,23.01
2024-08-21,Clothing,West,5,209.56,31.4
2024-08-22,Clothing,West,5,215.07,74.06
2024-08-22,Electronics,West,7,1413.57,194.49
2024-08-22,Books,West,7,123.83,38.48
2024-08-22,Home & Kitchen,South,6,350.22,88.8
2024-08-23,Clothing,West,3,114.9,18.39
2024-08-23,Sports,North,7,459.88,97.04
2024-08-23,Home & Kitchen,North,2,131.36,37.67
2024-08-23,Home & Kitchen,East,4,291.71,92.85
2024-08-23,Clothing,East,7,360.37,125.26
2024-08-24,Books,South,3,61.98,14.15
2024-08-24,Home & Kitchen,West,4,283.52,76.94
2024-08-25,Sports,South,7,421.38,90.9
2024-08-25,Clothing,West,5,261.33,80.52
2024-08-26,Home & Kitchen,North,4,265.56,71.25
2024-08-26,Electronics,East,1,199.72,36.8
2024-08-26,Electronics,West,4,653.66,206.87
2024-08-27,Electronics,South,6,1146.26,289.57
2024-08-27,Home & Kitchen,South,1,73.12,13.03
2024-08-27,Books,West,3,58.09,16.72
2024-08-27,Home & Kitchen,North,6,466.43,58.68
2024-08-28,Electronics,South,4,674.92,121.85
2024-08-28,Electronics,East,2,405.87,107.27
2024-08-28,Sports,South,4,222.29,44.63
2024-08-28,Electronics,South,2,425.51,143.51
2024-08-29,Electronics,South,7,1471.62,335.02
2024-08-29,Clothing,North,5,203.42,47.21
2024-08-29,Clothing,North,6,323.96,96.21
2024-08-29,Clothing,South,2,81.88,10.4
2024-08-29,Electronics,East,1,185.17,48.42
2024-08-30,Clothing,West,7,281.35,74.29
2024-08-30,Electronics,North,4,845.95,295.38
2024-08-31,Electronics,South,1,174.17,39.56
2024-08-31,Sports,North,1,50.39,16.74
2024-08-31,Home & Kitchen,East,2,128.34,37.56
2024-08-31,Electronics,North,1,167.93,46.32
2024-08-31,Home & Kitchen,East,6,381.44,73.68
2024-09-01,Sports,South,1,52.19,11.29
2024-09-01,Electronics,North,3,514.52,66.65
2024-09-02,Electronics,North,6,1174.47,226.72
2024-09-02,Sports,East,5,318.92,92.48
2024-09-02,Electronics,East,4,854.77,104.59
2024-09-02,Home & Kitchen,North,4,277.66,96.55
2024-09-03,Electronics,South,3,619.56,87.03
2024-09-03,Books,North,7,167.26,56.19
2024-09-03,Clothing,South,4,163.39,28.63
2024-09-04,Home & Kitchen,West,7,540.92,120.49
2024-09-04,Clothing,South,6,235.18,77.16
2024-09-04,Home & Kitchen,West,2,118.56,22.25
2024-09-04,Electronics,East,1,153.43,25.91
2024-09-04,Home & Kitchen,South,7,450.83,145.82
2024-09-05,Sports,West,7,367.52,53.15
2024-09-05,Clothing,South,6,318.35,82.41
2024-09-05,Sports,West,6,300.52,69.64
2024-09-05,Electronics,North,7,1489.91,225.77
2024-09-05,Sports,North,5,289.92,60.8
2024-09-06,Books,West,4,88.52,24.03
2024-09-06,Books,West,3,62.9,17.05
2024-09-06,Books,South,2,38.58,4.73
2024-09-07,Electronics,West,5,796.1,109.39
2024-09-07,Clothing,East,5,237.32,40.83
2024-09-07,Books,South,1,21.9,5.74
2024-09-07,Sports,West,4,254.23,76.67
2024-09-08,Electronics,North,5,1022.9,354.15
2024-09-08,Electronics,East,2,360.34,72.04
2024-09-08,Electronics,West,1,196.6,44.3
2024-09-08,Electronics,East,1,168.93,42.71
2024-09-08,Clothing,North,7,358.23,82.32
2024-09-09,Sports,South,7,334.23,82.95
2024-09-09,Electronics,South,1,175.58,57.94
2024-09-10,Electronics,East,5,946.59,279.46
2024-09-10,Sports,East,5,253.41,31.39
2024-09-10,Home & Kitchen,South,1,64.82,16.75
2024-09-10,Books,South,4,74.99,20.28
2024-09-11,Books,North,1,22.0,2.99
2024-09-11,Clothing,East,7,335.31,112.61
2024-09-11,Home & Kitchen,North,3,189.96,46.85
2024-09-12,Books,West,5,100.34,32.79
2024-09-12,Books,East,4,79.57,21.92
2024-09-12,Home & Kitchen,West,7,449.7,72.77
2024-09-12,Electronics,West,6,977.08,166.71
2024-09-12,Clothing,South,7,278.3,53.73
2024-09-13,Sports,North,7,356.96,115.59
2024-09-13,Books,East,7,150.14,39.77
2024-09-13,Clothing,South,6,279.71,77.15
2024-09-13,Clothing,West,2,102.47,15.75
2024-09-14,Electronics,West,2,335.88,48.62
2024-09-14,Sports,South,2,126.0,29.15
2024-09-15,Electronics,South,4,666.23,215.46
2024-09-15,Home & Kitchen,South,3,214.4,60.08
2024-09-15,Clothing,North,1,41.57,13.18
2024-09-15,Sports,East,6,295.79,61.5
2024-09-15,Home & Kitchen,North,3,219.0,76.53
2024-09-16,Home & Kitchen,North,2,115.98,38.95
2024-09-16,Electronics,East,5,835.14,159.23
2024-09-16,Home & Kitchen,South,1,58.9,9.38
2024-09-16,Clothing,North,2,104.79,14.6
2024-09-16,Clothing,East,7,269.58,73.38
2024-09-17,Clothing,South,3,125.85,39.13
2024-09-17,Books,East,7,131.96,24.33
2024-09-17,Electronics,North,2,422.79,71.52
2024-09-17,Clothing,East,2,103.53,29.83
2024-09-17,Books,North,4,76.78,13.59
2024-09-18,Home & Kitchen,North,4,309.62,75.91
2024-09-18,Electronics,East,7,1190.73,390.53
2024-09-18,Clothing,South,7,273.33,59.59
2024-09-19,Electronics,East,5,865.03,155.41
2024-09-19,Electronics,South,4,725.41,143.35
2024-09-19,Sports,South,7,355.7,104.24
2024-09-20,Sports,North,5,303.77,70.3
2024-09-20,Home & Kitchen,West,3,180.51,30.32
2024-09-21,Sports,West,5,248.12,45.08
2024-09-21,Clothing,South,2,78.29,10.02
2024-09-22,Clothing,South,5,210.66,72.57
2024-09-22,Clothing,West,4,172.65,25.57
2024-09-23,Clothing,South,4,195.36,60.56
2024-09-23,Home & Kitchen,West,2,128.56,20.05
2024-09-23,Sports,North,6,358.03,65.25
2024-09-23,Electronics,South,1,162.84,56.56
2024-09-24,Electronics,East,3,568.21,181.37
2024-09-24,Electronics,North,2,360.73,80.33
2024-09-24,Home & Kitchen,West,1,66.64,17.88
2024-09-24,Electronics,East,3,511.72,76.61
2024-09-25,Sports,South,7,437.53,56.54
2024-09-25,Books,West,1,21.56,6.46
2024-09-26,Electronics,West,4,637.92,95.03
2024-09-26,Books,East,3,68.78,13.38
2024-09-26,Home & Kitchen,North,6,413.83,114.62
2024-09-26,Home & Kitchen,South,4,246.11,73.04
2024-09-27,Clothing,South,1,48.1,14.04
2024-09-27,Electronics,North,6,967.51,250.95
2024-09-28,Home & Kitchen,East,1,77.93,12.64
2024-09-28,Home & Kitchen,West,1,65.84,8.11
2024-09-28,Electronics,South,4,733.64,219.22
2024-09-28,Home & Kitchen,West,6,371.89,101.41
2024-09-28,Books,North,7,162.63,41.09
2024-09-29,Electronics,North,2,374.88,117.4
2024-09-29,Electronics,South,2,357.23,54.64
2024-09-30,Books,South,6,134.96,47.06
2024-09-30,Home & Kitchen,West,1,74.3,19.42
2024-09-30,Home & Kitchen,East,5,307.18,52.26
2024-09-30,Home & Kitchen,West,3,206.25,25.52
2024-09-30,Sports,West,1,59.55,14.77
2024-10-01,Electronics,East,4,844.91,190.91
2024-10-01,Clothing,North,5,261.67,70.21
2024-10-01,Electronics,South,7,1464.02,180.27
2024-10-01,Clothing,West,3,121.75,17.19
2024-10-02,Sports,East,4,230.56,54.95
2024-10-02,Electronics,North,7,1238.57,321.58
2024-10-02,Clothing,North,7,320.68,48.66
2024-10-02,Electronics,East,7,1501.77,320.01
2024-10-02,Electronics,West,3,627.46,142.23
2024-10-03,Clothing,East,1,44.59,12.25
2024-10-03,Home & Kitchen,North,3,190.64,55.26
2024-10-03,Home & Kitchen,West,4,273.11,48.9
2024-10-03,Sports,East,6,395.39,55.86
2024-10-04,Electronics,West,1,170.93,37.93
2024-10-04,Home & Kitchen,South,3,179.14,26.67
2024-10-04,Books,West,3,61.05,15.55
2024-10-04,Home & Kitchen,West,3,222.56,76.64
2024-10-05,Home & Kitchen,South,3,209.28,64.59
2024-10-05,Electronics,East,3,589.28,104.91
2024-10-05,Clothing,South,4,209.57,64.19
2024-10-05,Home & Kitchen,South,7,444.85,118.96
2024-10-06,Books,West,2,44.79,8.85
2024-10-06,Books,North,6,132.76,44.15
2024-10-07,Sports,South,6,318.77,87.79
2024-10-07,Clothing,North,7,317.82,68.28
2024-10-08,Home & Kitchen,North,7,437.39,110.81
2024-10-08,Clothing,North,6,273.61,37.66
2024-10-08,Electronics,East,6,1106.74,159.88
2024-10-09,Clothing,North,5,200.32,64.73
2024-10-09,Clothing,South,3,145.92,32.35
2024-10-09,Home & Kitchen,South,7,452.83,130.42
2024-10-10,Books,North,2,40.68,10.51
2024-10-10,Home & Kitchen,South,3,188.82,28.17
2024-10-11,Home & Kitchen,West,1,69.35,19.46
2024-10-11,Electronics,East,6,1055.46,150.59
2024-10-12,Clothing,East,4,187.04,25.86
2024-10-12,Home & Kitchen,South,1,64.27,12.09
2024-10-12,Electronics,East,3,540.79,138.99
2024-10-12,Electronics,West,6,1203.44,306.79
2024-10-12,Sports,South,6,335.57,88.9
2024-10-13,Clothing,South,5,206.62,57.04
2024-10-13,Clothing,South,7,303.66,63.97
2024-10-13,Home & Kitchen,West,6,395.59,85.93
2024-10-14,Books,North,2,40.74,12.48
2024-10-14,Books,East,7,167.14,23.37
2024-10-14,Sports,North,3,147.88,32.71
2024-10-15,Electronics,West,6,966.04,157.98
2024-10-15,Clothing,South,5,262.56,81.95
2024-10-15,Electronics,East,4,662.25,119.75
2024-10-15,Clothing,West,6,250.12,83.82
2024-10-15,Clothing,East,1,38.48,6.81
2024-10-16,Home & Kitchen,West,4,222.3,51.13
2024-10-16,Electronics,South,5,955.37,282.45
2024-10-16,Home & Kitchen,South,3,211.24,29.24
2024-10-16,Clothing,East,3,123.47,20.56
2024-10-17,Home & Kitchen,West,7,522.88,177.29
2024-10-17,Books,West,7,128.51,29.44
2024-10-17,Electronics,East,5,939.29,225.15
2024-10-17,Books,North,4,75.23,10.99
2024-10-18,Electronics,South,2,329.34,80.52
2024-10-18,Home & Kitchen,North,2,153.54,48.17
2024-10-18,Electronics,North,2,327.41,48.85
2024-10-18,Electronics,West,6,1010.93,204.58
2024-10-19,Home & Kitchen,North,3,168.96,56.34
2024-10-19,Electronics,West,2,390.72,62.15
2024-10-19,Electronics,West,3,603.77,129.9
2024-10-19,Home & Kitchen,West,1,55.76,19.37
2024-10-20,Books,West,6,132.6,25.53
2024-10-20,Clothing,North,5,198.89,32.06
2024-10-20,Sports,South,2,114.56,26.27
2024-10-20,Books,East,5,94.82,19.01
2024-10-20,Sports,East,7,359.68,115.49
2024-10-21,Sports,West,1,58.89,17.09
2024-10-21,Home & Kitchen,West,6,358.09,109.72
2024-10-21,Electronics,West,3,529.33,127.06
2024-10-22,Sports,North,5,300.36,45.71
2024-10-22,Clothing,West,6,267.56,64.08
2024-10-22,Books,West,4,86.91,18.34
2024-10-22,Electronics,West,7,1489.63,480.12
2024-10-22,Books,North,1,18.46,3.72
2024-10-23,Sports,East,7,406.62,136.58
2024-10-23,Clothing,East,1,48.58,8.05
2024-10-23,Clothing,West,2,78.68,24.42
2024-10-23,Electronics,East,2,311.46,87.47
2024-10-23,Clothing,North,5,223.73,36.92
2024-10-24,Home & Kitchen,North,1,58.28,10.5
2024-10-24,Clothing,North,4,185.36,34.53
2024-10-24,Electronics,South,3,512.98,148.23
2024-10-24,Electronics,South,2,424.63,67.99
2024-10-24,Clothing,West,3,144.31,35.59
2024-10-25,Electronics,East,6,1160.71,212.84
2024-10-25,Clothing,South,3,142.54,27.47
2024-10-26,Sports,East,1,61.18,20.19
2024-10-26,Home & Kitchen,East,1,61.37,10.17
2024-10-27,Clothing,North,5,238.03,60.85
2024-10-27,Electronics,North,3,475.59,75.87
2024-10-27,Clothing,West,2,85.42,18.12
2024-10-27,Sports,East,4,237.0,64.9
2024-10-28,Electronics,North,7,1138.82,368.77
2024-10-28,Clothing,West,7,340.85,94.14
2024-10-29,Electronics,North,2,332.26,50.03
2024-10-29,Home & Kitchen,East,6,339.3,51.46
2024-10-30,Electronics,North,2,414.25,97.35
2024-10-30,Home & Kitchen,South,4,289.98,85.49
2024-10-30,Clothing,West,4,166.21,57.28
2024-10-30,Home & Kitchen,East,5,310.76,93.18
2024-10-31,Electronics,East,2,347.4,46.04
2024-10-31,Electronics,North,5,899.88,238.8
2024-10-31,Sports,East,2,99.17,16.61
2024-10-31,Clothing,North,3,133.57,16.24
2024-11-01,Electronics,West,1,238.04,69.7
2024-11-01,Books,East,6,148.07,50.34
2024-11-01,Clothing,East,1,52.96,12.28
2024-11-02,Sports,South,4,314.82,72.94
2024-11-02,Home & Kitchen,North,5,506.74,152.31
2024-11-02,Electronics,South,2,573.85,158.95
2024-11-02,Clothing,North,6,392.2,93.12
2024-11-02,Electronics,South,4,1099.18,349.68
2024-11-03,Clothing,West,5,330.76,57.62
2024-11-03,Books,East,4,102.74,30.84
2024-11-03,Sports,North,1,78.65,10.92
2024-11-04,Electronics,East,3,662.73,87.7
2024-11-04,Home & Kitchen,East,6,463.77,76.4
2024-11-04,Sports,South,5,398.21,84.58
2024-11-05,Clothing,East,1,61.44,19.08
2024-11-05,Sports,West,7,460.96,144.25
2024-11-06,Home & Kitchen,North,7,552.64,104.99
2024-11-06,Electronics,South,2,465.2,90.72
2024-11-06,Electronics,East,7,1959.34,340.15
2024-11-06,Home & Kitchen,South,7,707.75,106.46
2024-11-07,Clothing,West,6,426.11,72.84
2024-11-07,Electronics,East,4,1005.68,160.37
2024-11-07,Electronics,East,5,1046.9,154.98
2024-11-07,Clothing,South,3,170.86,23.39
2024-11-07,Home & Kitchen,West,6,524.03,113.77
2024-11-08,Sports,North,2,159.94,34.61
2024-11-08,Clothing,South,7,473.41,112.65
2024-11-09,Sports,North,7,595.62,107.04
2024-11-09,Electronics,East,1,255.09,58.7
2024-11-09,Sports,South,1,77.5,18.44
2024-11-10,Sports,East,5,331.2,44.89
2024-11-10,Sports,North,7,520.11,76.67
2024-11-10,Clothing,South,3,178.82,47.01
2024-11-11,Electronics,East,4,1138.45,164.9
2024-11-11,Electronics,South,2,459.79,121.23
2024-11-11,Electronics,South,5,1347.05,374.34
2024-11-11,Sports,North,7,582.44,159.86
2024-11-11,Electronics,South,2,419.51,128.31
2024-11-12,Books,West,6,151.8,37.01
2024-11-12,Books,West,2,47.74,13.48
2024-11-12,Clothing,East,7,421.52,73.34
2024-11-13,Electronics,West,3,619.8,118.26
2024-11-13,Electronics,West,7,1555.94,339.94
2024-11-13,Electronics,West,3,712.34,157.35
2024-11-13,Books,South,5,149.59,36.43
2024-11-14,Books,West,2,51.53,9.72
2024-11-14,Clothing,North,7,478.03,70.83
2024-11-15,Electronics,North,4,833.26,245.81
2024-11-15,Electronics,North,5,1083.21,172.81
2024-11-15,Clothing,North,5,272.97,60.39
2024-11-15,Clothing,South,4,271.99,91.12
2024-11-15,Books,North,3,94.03,15.59
2024-11-16,Clothing,South,6,431.34,126.62
2024-11-16,Clothing,West,3,199.62,32.87
2024-11-16,Clothing,West,6,393.35,84.4
2024-11-16,Home & Kitchen,East,5,434.59,131.43
2024-11-17,Clothing,East,7,402.24,136.68
2024-11-17,Books,South,1,23.36,3.77
2024-11-17,Clothing,North,5,273.2,80.76
2024-11-18,Clothing,South,7,432.57,99.48
2024-11-18,Sports,East,7,556.99,124.52
2024-11-19,Books,East,2,57.72,17.66
2024-11-19,Electronics,North,5,1166.15,310.43
2024-11-20,Home & Kitchen,South,2,191.49,47.29
2024-11-20,Electronics,North,2,577.71,156.72
2024-11-20,Home & Kitchen,West,1,90.74,26.74
2024-11-20,Home & Kitchen,West,6,534.38,122.2
2024-11-21,Electronics,East,5,1178.58,326.81
2024-11-21,Electronics,East,2,466.87,62.01
2024-11-21,Home & Kitchen,East,5,432.34,59.89
2024-11-21,Electronics,West,1,214.18,70.57
2024-11-22,Clothing,West,6,413.46,82.22
2024-11-22,Electronics,South,6,1344.32,390.61
2024-11-22,Home & Kitchen,East,5,458.01,111.27
2024-11-23,Sports,West,5,393.44,65.43
2024-11-23,Books,North,7,160.9,37.89
2024-11-23,Home & Kitchen,East,3,228.79,43.98
2024-11-24,Clothing,North,7,472.18,156.49
2024-11-24,Clothing,South,6,432.49,96.15
2024-11-24,Clothing,South,1,70.98,17.81
2024-11-24,Sports,North,7,573.69,173.91
2024-11-25,Clothing,West,4,286.58,75.47
2024-11-25,Sports,West,5,412.34,91.77
2024-11-25,Electronics,South,2,512.34,116.18
2024-11-26,Home & Kitchen,West,7,683.22,167.74
2024-11-26,Electronics,East,1,270.22,62.42
2024-11-26,Electronics,West,4,1069.49,363.78
2024-11-27,Sports,North,4,352.46,85.72
2024-11-27,Home & Kitchen,South,2,190.13,45.16
2024-11-27,Clothing,West,2,104.21,21.08
2024-11-28,Home & Kitchen,South,4,389.03,123.36
2024-11-28,Books,East,4,118.29,37.47
2024-11-29,Home & Kitchen,South,4,378.01,51.31
2024-11-29,Books,South,2,52.1,16.03
2024-11-29,Home & Kitchen,East,7,641.54,163.14
2024-11-30,Sports,East,5,416.5,131.17
2024-11-30,Electronics,West,3,661.88,186.99
2024-11-30,Home & Kitchen,East,3,241.87,40.8
2024-11-30,Electronics,North,1,254.16,80.65
2024-11-30,Home & Kitchen,East,7,727.02,207.51
2024-12-01,Electronics,East,6,1510.89,466.83
2024-12-01,Electronics,East,6,1653.45,381.82
2024-12-01,Electronics,South,5,1333.58,378.35
2024-12-01,Books,South,5,120.61,17.84
2024-12-01,Sports,South,5,402.19,105.93
2024-12-02,Electronics,South,2,469.99,112.54
2024-12-02,Electronics,West,4,855.11,188.41
2024-12-02,Home & Kitchen,South,2,166.17,41.27
2024-12-02,Clothing,East,4,285.02,67.14
2024-12-03,Sports,South,6,513.16,98.88
2024-12-03,Sports,South,2,128.81,33.93
2024-12-04,Clothing,South,5,313.26,81.84
2024-12-04,Electronics,West,1,243.05,33.35
2024-12-04,Electronics,West,4,907.79,149.64
2024-12-05,Sports,South,2,156.2,23.03
2024-12-05,Electronics,West,6,1434.69,409.44
2024-12-05,Home & Kitchen,North,5,411.46,58.89
2024-12-06,Electronics,East,3,767.03,192.76
2024-12-06,Clothing,West,5,352.25,61.01
2024-12-07,Sports,East,2,176.64,56.34
2024-12-07,Home & Kitchen,West,1,83.35,22.09
2024-12-07,Clothing,East,2,135.5,25.05
2024-12-07,Clothing,West,2,105.67,24.48
2024-12-08,Home & Kitchen,South,6,459.3,88.64
2024-12-08,Electronics,West,3,645.77,189.15
2024-12-09,Electronics,West,2,477.23,123.48
2024-12-09,Electronics,North,7,2001.05,505.07
2024-12-09,Electronics,West,6,1630.37,348.04
2024-12-10,Home & Kitchen,East,2,193.35,35.28
2024-12-10,Clothing,East,2,123.53,33.85
2024-12-11,Home & Kitchen,East,7,561.68,165.12
2024-12-11,Clothing,East,4,258.99,33.48
2024-12-11,Clothing,West,5,273.92,94.91
2024-12-11,Electronics,East,3,671.58,199.38
2024-12-11,Clothing,West,7,364.59,46.64
2024-12-12,Clothing,West,1,53.48,13.04
2024-12-12,Books,South,4,123.16,18.57
2024-12-12,Books,North,7,222.92,61.44
2024-12-12,Clothing,South,6,344.98,67.75
2024-12-12,Home & Kitchen,West,5,515.66,86.17
2024-12-13,Electronics,East,5,1202.48,211.3
2024-12-13,Electronics,South,4,1138.68,148.95
2024-12-14,Books,West,2,61.05,13.43
2024-12-14,Sports,South,3,263.22,44.83
2024-12-14,Clothing,North,6,360.06,93.58
2024-12-14,Clothing,East,4,225.97,30.15
2024-12-14,Electronics,South,1,220.84,44.52
2024-12-15,Books,West,3,85.21,23.44
2024-12-15,Electronics,South,6,1645.33,226.76
2024-12-15,Electronics,West,7,1598.51,535.21
2024-12-15,Electronics,South,7,1748.26,511.5
2024-12-15,Clothing,East,2,139.71,31.77
2024-12-16,Home & Kitchen,East,5,505.67,113.82
2024-12-16,Clothing,West,6,433.15,121.43
2024-12-16,Electronics,North,2,494.84,67.21
2024-12-17,Electronics,West,7,1966.19,335.75
2024-12-17,Electronics,West,7,1935.65,370.91
2024-12-17,Clothing,North,2,138.97,37.48
2024-12-17,Home & Kitchen,South,6,542.09,154.25
2024-12-18,Clothing,East,1,55.17,10.84
2024-12-18,Books,North,7,226.01,52.34
2024-12-18,Electronics,North,2,491.41,139.18
2024-12-18,Books,East,5,119.32,34.09
2024-12-19,Home & Kitchen,South,5,385.1,50.38
2024-12-19,Electronics,South,7,1692.57,567.42
2024-12-19,Clothing,East,4,254.34,37.07
2024-12-19,Home & Kitchen,South,5,494.56,171.58
2024-12-20,Clothing,South,1,70.64,13.93
2024-12-20,Home & Kitchen,East,6,541.31,121.33
2024-12-20,Electronics,West,5,1093.48,277.04
2024-12-20,Electronics,North,3,722.98,252.84
2024-12-20,Electronics,North,3,640.72,99.66
2024-12-21,Clothing,North,7,372.53,54.59
2024-12-21,Sports,West,7,571.47,120.22
2024-12-21,Electronics,North,7,1918.67,506.14
2024-12-21,Books,West,7,198.37,51.64
2024-12-22,Home & Kitchen,North,3,247.5,55.31
2024-12-22,Home & Kitchen,North,5,525.8,97.87
2024-12-22,Home & Kitchen,North,7,609.32,96.83
2024-12-22,Books,North,6,165.96,42.94
2024-12-23,Electronics,West,6,1390.05,195.76
2024-12-23,Home & Kitchen,South,1,100.75,31.03
2024-12-24,Clothing,East,4,226.93,28.92
2024-12-24,Clothing,East,6,411.46,81.36
2024-12-24,Home & Kitchen,North,1,97.64,17.02
2024-12-24,Electronics,West,6,1332.21,317.01
2024-12-25,Books,East,4,124.44,18.92
2024-12-25,Home & Kitchen,West,6,618.13,168.01
2024-12-25,Clothing,West,6,343.31,87.09
2024-12-25,Home & Kitchen,West,7,651.02,160.53
2024-12-25,Clothing,South,4,277.78,53.97
2024-12-26,Clothing,East,6,397.57,72.72
2024-12-26,Sports,South,7,450.75,94.14
2024-12-26,Clothing,North,7,434.54,84.2
2024-12-26,Electronics,South,4,1157.86,248.43
2024-12-26,Clothing,South,4,290.18,50.95
2024-12-27,Electronics,East,4,955.78,223.74
2024-12-27,Electronics,South,6,1742.7,320.66
2024-12-27,Clothing,East,6,413.77,89.37
2024-12-28,Electronics,South,6,1725.77,235.94
2024-12-28,Electronics,West,1,259.3,63.61
2024-12-28,Electronics,East,1,229.61,67.71
2024-12-28,Sports,North,3,229.03,34.82
2024-12-28,Sports,West,3,221.95,49.32
2024-12-29,Electronics,South,3,687.72,162.55
2024-12-29,Sports,West,6,510.41,103.47
2024-12-30,Electronics,North,3,781.83,272.37
2024-12-30,Sports,South,4,270.75,86.43
2024-12-31,Clothing,East,3,173.66,38.67
2024-12-31,Sports,West,7,621.4,106.75
2024-12-31,Home & Kitchen,West,5,513.46,80.08
